Center,Location,Food_Quantity_Available_KG,Delivery_Route,Scheduled_Delivery_Date
Center_3,City_E,3404,Smith Flat,2024-12-01
Center_2,City_A,3266,Kevin Glen,2024-12-01
Center_3,City_D,8803,Scott Shore,2024-12-01
Center_1,City_D,7895,Jonathan Plain,2024-12-01
Center_1,City_A,8630,William Track,2024-12-01
Center_1,City_C,1108,Bailey Extensions,2024-12-01
Center_2,City_A,7924,Dickson Walks,2024-12-01
Center_1,City_C,9610,Daniels Haven,2024-12-01
Center_3,City_E,8417,Craig Glen,2024-12-01
Center_3,City_E,3660,Megan Viaduct,2024-12-01
Center_2,City_A,1620,Lindsey Avenue,2024-12-01
Center_2,City_C,8079,Munoz Ridges,2024-12-01
Center_2,City_A,2365,Miller Meadow,2024-12-01
Center_1,City_E,1821,Hall Trail,2024-12-01
Center_1,City_A,9943,Nichole Fall,2024-12-01
Center_3,City_E,9737,Haley Oval,2024-12-01
Center_1,City_C,5206,Wright Run,2024-12-01
Center_3,City_B,4026,Cassandra Flat,2024-12-01
Center_3,City_D,2408,Tiffany Fork,2024-12-01
Center_1,City_D,1581,Griffin Cove,2024-12-01
Center_1,City_D,6029,Davis Crossing,2024-12-01
Center_3,City_B,4049,Choi Shoals,2024-12-01
Center_1,City_C,2867,Hanson Plain,2024-12-01
Center_2,City_E,3451,Kimberly Pine,2024-12-01
Center_1,City_B,1914,Jake Mount,2024-12-01
Center_1,City_E,4590,Bradley Underpass,2024-12-01
Center_3,City_B,8576,Holland Plaza,2024-12-01
Center_1,City_E,4278,Tami Camp,2024-12-01
Center_3,City_D,8785,Mckinney Burgs,2024-12-01
Center_1,City_C,4807,Rodriguez Fort,2024-12-01
Center_3,City_A,8142,Richard Parkway,2024-12-01
Center_1,City_C,5759,Ryan Cliffs,2024-12-01
Center_2,City_D,9021,Gentry Mission,2024-12-01
Center_3,City_D,5561,Garcia Parkway,2024-12-01
Center_2,City_D,6585,Monica Circle,2024-12-01
Center_1,City_B,4383,Thomas Rue,2024-12-01
Center_3,City_E,2761,Mark Village,2024-12-01
Center_1,City_D,7080,Williams Lights,2024-12-01
Center_3,City_C,4867,Kelsey Coves,2024-12-01
Center_1,City_E,7447,Johnson Loop,2024-12-01
Center_2,City_B,2013,Martinez Underpass,2024-12-01
Center_2,City_A,5420,Edward Knoll,2024-12-01
Center_3,City_D,6304,Ryan Villages,2024-12-01
Center_2,City_E,1399,Robert Dam,2024-12-01
Center_3,City_B,4554,Aaron Bridge,2024-12-01
Center_1,City_A,8378,Glenn Squares,2024-12-01
Center_2,City_C,4964,Roberts Summit,2024-12-01
Center_2,City_A,6667,Michael Forge,2024-12-01
Center_1,City_D,7328,Caitlin Manors,2024-12-01
Center_3,City_A,7736,Shepard Fords,2024-12-01
Center_1,City_B,9186,Young Isle,2024-12-01
Center_3,City_E,2460,Derrick Lodge,2024-12-01
Center_3,City_D,1852,David Path,2024-12-01
Center_1,City_E,6055,Lucas Expressway,2024-12-01
Center_2,City_D,2394,Joseph Extension,2024-12-01
Center_2,City_E,8646,Anderson Pass,2024-12-01
Center_1,City_E,9911,Michael Fords,2024-12-01
Center_1,City_D,8956,Ramirez Cliff,2024-12-01
Center_2,City_E,7695,Noah Camp,2024-12-01
Center_2,City_E,7589,Gutierrez Parkways,2024-12-01
Center_3,City_C,7883,Kenneth Causeway,2024-12-01
Center_3,City_C,5269,Jones Course,2024-12-01
Center_2,City_A,2129,Smith Lock,2024-12-01
Center_2,City_C,8778,King Corners,2024-12-01
Center_2,City_B,7077,Walker Islands,2024-12-01
Center_3,City_B,9476,Bonnie Overpass,2024-12-01
Center_1,City_D,8402,Richardson Bridge,2024-12-01
Center_2,City_C,9273,Joseph Lane,2024-12-01
Center_1,City_E,6940,Ward Crescent,2024-12-01
Center_2,City_C,7163,Crystal Radial,2024-12-01
Center_2,City_E,4069,Anthony Highway,2024-12-01
Center_1,City_A,9190,Peter Hollow,2024-12-01
Center_1,City_E,6753,Proctor Rue,2024-12-01
Center_1,City_A,1778,Janice Gardens,2024-12-01
Center_2,City_C,5975,Julie Cape,2024-12-01
Center_3,City_B,3559,Christopher Mountain,2024-12-01
Center_2,City_E,5487,Dyer Forges,2024-12-01
Center_3,City_D,7067,Powell Stream,2024-12-01
Center_1,City_D,6711,Christian Alley,2024-12-01
Center_3,City_D,1347,Howard Unions,2024-12-01
Center_1,City_C,4139,Gomez Glen,2024-12-01
Center_1,City_B,8364,Kurt Locks,2024-12-01
Center_1,City_B,5796,Lauren Estate,2024-12-01
Center_3,City_E,8424,Melissa Terrace,2024-12-01
Center_3,City_A,7166,Smith Drive,2024-12-01
Center_3,City_C,4007,Brandy Mountains,2024-12-01
Center_2,City_D,3860,Juan Unions,2024-12-01
Center_1,City_E,5943,Theodore Curve,2024-12-01
Center_1,City_A,2936,Kyle Stream,2024-12-01
Center_3,City_D,3225,Morgan Turnpike,2024-12-01
Center_3,City_A,7529,Mary Knolls,2024-12-01
Center_1,City_B,2212,Brown Spur,2024-12-01
Center_1,City_B,8385,Scott Mountain,2024-12-01
Center_3,City_C,3328,Michael Burg,2024-12-01
Center_3,City_D,7723,Cole Falls,2024-12-01
Center_1,City_B,3380,Samantha Glens,2024-12-01
Center_2,City_B,7114,Joseph Prairie,2024-12-01
Center_2,City_A,8661,Patterson Square,2024-12-01
Center_3,City_D,3056,Frederick Canyon,2024-12-01
Center_1,City_E,9127,Ann Burg,2024-12-01
